쌀,5
안심,1
콩나물,3
미나리,3
국간장,6
소금,6
파,3
마늘,3
참기름,6
설탕,6
도라지,3
숙주,3
고사리,3
양지머리,1
계란,1
고추장,6
멥쌀,5
찹쌀,5
차조,5
콩,5
당면,5
돼지고기,1
수수,5
표고버섯,3
호박,3
부추,3
당근,3
고추,3
팥,5
진간장,6
청포묵,5
밥,5
통후추,6
홍고추,3
쇠고기,1
고춧가루,6
깨소금,6
계핏가루,6
깐밤,3
대추,3
흑설탕,6
물엿,6
식용유,6
흰설탕,6
잣,5
간장,6
물,7
청동호박,3
흑임자,5
감자,5
양파,3
완두콩,3
카레,7
우유,7
쌈장,7
후춧가루,6
피망,3
전분,5
멸치,2
다시마,6
밀가루,5
애호박,3
오이,3
실파,3
양념장,6
홍피망,3
동치미국물,7
배,4
냉면,5
쇠고기육수,7
동치미무,3
식초,6
국수,5
찹쌀가루,5
열무,3
대파,3
생강,3
겨자,6
녹말,5
오징어,2
새우,2
홍합,2
죽순,3
상추,3
깻잎,3
멸칫국물,7
청주,7
김치,3
두부,5
만두피,5
육수,7
모시조개,2
북어,2
무,3
다진쇠고기,1
미역,2
생태,2
쌀뜨물,7
레몬즙,4
연어,2
양송이버섯,3
방울토마토,3
올리브오일,6
페스토소스,6
모듬채소,3
차이브,3
삶은문어,2
갑오징어,2
꼴뚜기,2
중새우,2
쭈꾸미,2
참소라살,2
가리비,2
가재새우,2
샐러리,3
소스,6
재첩,2
도미,2
트레비스,3
바질,6
올리브,6
케이퍼,6
루콜라,3
스위트마조람,6
화이트와인,7
느타리버섯,3
오레가노,6
꼬치,7
꿀,6
생강즙,3
배즙,4
토마토케첩,6
날콩가루,6
연겨자,6
적양배추,3
실고추,3
우엉,3
파프리카,3
토마토,3
포도씨유,6
잔멸치,2
갈치,2
닭,1
들깻가루,6
초고추장,6
양념간장,6
칼국수,5
양배추,3
밤,3
무명실,7
파슬리가루,6
대구,2
목이버섯,3
파인애플,4
갈비,2
양파즙,3
깨,5
월계수잎,6
레드와인,7
버터,6
빵가루,5
은행,3
된장,6
배추,3
새우젓,6
갓,3
굴,2
젓국,6
파슬리,3
청국장,6
배추김치,3
김칫국물,7
순두부,5
바지락,2
동태,2
가래떡,5
흰콩,5
통북어,2
유부,5
단무지,3
해파리,2
게맛살,2
멸치젓,6
총각무,3
배,4
꽃게,2
술,7
맛선생,6
아귀,2
싸리버섯,3
조기,2
쑥갓,3
명란,2
우거지,3
팽이버섯,3
어묵,2
곤약,5
낙지,2
선지,1
장조림,1
김,2
양,1
후추,6
소잡뼈,1
사골,1
도가니,1
밀국수,5
까나리액젓,6
석이버섯,3
말린표고버섯,3
연근,3
조갯살,2
냉이,3
더덕,3
마른오징어,2
꽈리고추,3
마늘쫑,3
녹말가루,5
메주콩,5
매화어묵,2
칵테일새우,2
돼지갈비,1
참치,2
문어,2
고추냉이,6
꽁치,2
통도라지,3
넛맥,6
라면,5
햄,1
다시물,7
치커리,3
맛술,7
와사비,6
흰후춧가루,6
쪽파,3
도토리묵,5
미림,6
마른고추,3
고등어,2
가지,3
마른새우,2
골뱅이통조림,2
소면,5
잣가루,5
스파게티,5
생크림,7
베이컨,1
닭고기,1
수삼,3
맛살,2
은박컵,7
양상추,3
피클,3
슬라이스치즈,7
식빵,5
후루츠칵테일,7
들깨,5
머스터드,6
마요네즈,6
요리술,7
컬리플라워,3
사과,4
자몽,4
딸기,4
오렌지마요네즈,6
꽃상추,3
시금치,3
파마산치즈,7
훈제연어,2
레몬드레싱,6
레몬주스,4
홀토마토,3
프랑크소시지,1
곱창,1
우동면,5
미더덕,2
강력분,5
드라이이스트,5
오렌지마멀레이드,4
건포도,4
검은깨,5
무순,3
쑥,3
솔잎,3
녹두,5
토란,3
튀김가루,5
누룽지,5
브로콜리,3
쌀가루,5
아몬드가루,5
슈가파우더,6
고구마줄기,3
들기름,6
통계피,6
곶감,4
호두,5
황설탕,6
감자전분,5
정종,7
굴소스,6
떡국떡,5
취나물,3
케일,3
청경채,3
겨자잎,3
건새우가루,6
달래,3
청양고추,3
명란젓,2
봄동,3
옥수수,5
정향,6
송이버섯,3
말린새우,2
근대,3
팥삶은물,7
레몬,4
왜된장,6
맛국물,6
생새우,2
콘플레이크,5
생선살,2
새우살,2
게,2
대하,2
고구마,5
얼음물,7
녹차분말,6
모짜렐라치즈,7
포도,4
사우어크라우트,3
오곡곡물,5
코다리,2
광어,2
피조개,2
청어알,2
연어알,2
전복,2
초밥,5
치즈,7
홍차티백,7
카레가루,6
무즙,3
비엔나소시지,1
액체육젓,6
생굴,2
인절미,5
바게트,5
신김치,3
사이다,7
조미술,7
피쉬소스,6
겨자가루,6
닭다리,1
땅콩가루,6
조청,6
맛소금,6
랩,7
매실장아찌,3
시금치즙,3
당근즙,3
고들빼기,3
멸치액젓,6
두릅,3
참나물,3
완두콩통조림,7
옥수수통조림,7
우스터소스,6
아스파라거스,3
오이피클,3
땅콩버터,6
체리,4
핫소스,6
꽁치통조림,7
춘권피,5
조미료,6
국물용멸치,2
크림수프,5
순대,7
쫄면,5
흰떡,5
열무김치,3
이스트,5
쌀국수,5
아욱,3
떡,5
해삼,2
두반장,6
닭안심,1
새송이버섯,3
숙주나물,3
파스타,5
닭육수,7
닭봉,1
오징어채,2
청장,6
새우젓국,6
껍질콩,5
기름,6
중국부추,3
닭살,1
보리,5
들깻잎,3
조림간장,6
파래,2
단호박,3
토마토페이스트,6
라이스페이퍼,5
키위,4
다시마국물,7
치즈가루,7
미소된장,6
가쓰오브시,6
양겨자,6
흰후추,6
페투치네,5
오보로,6
게살,2
날치알,2
박고지,3
아보카도,3
조,5
냉동만두,7
가쓰오브시국물,7
흰살생선,2
미원,6
메밀국수,5
맛조개,2
해초,2
장어,2
산초가루,6
장어대리,6
장어뼈,2
동태살,2
돈까스소스,6
바나나,4
타바스코,6
스위트콘,7
고춧기름,6
녹말물,7
간수,7
우묵,2
잔새우,2
적채,3
골뱅이,2
사워크림,6
치자,6
폰즈소스,6
깨소스,6
와사비소스,6
채소,3
생밤,3
양념,6
영양부추,3
쌈다시마,2
무말랭이,3
육회,1
굵은고춧가루,6
크림치즈,7
무래디쉬,3
고수잎,3
쇠꼬리,1
쇠뼈,1
팔각,6
굵은소금,6
얼갈이배추,3
쪽파,3
꽃소금,6
숯,7
메주,6
엿기름,6
시럽,6
호박씨,5
순창콩된장,6
붉은갓,3
삭힌고추,3
녹차국수,5
우무,2
서리태콩,5
참깨,5
닭발,1
전어,2
콩가루,5
전어젓갈,2
샐러드오일,6
소꼬리,1
시금치나물,3
도라지나물,3
고기산적,1
고사리나물,3
타임,6
토란탕,5
멥쌀가루,5
액젓,6
가다랑이포,2
돼지등갈비,1
바베큐소스,6
비트,3
절임무,3
닭가슴살,1
오렌지,4
참치캔,7
꽃빵,5
돼지고기안심,1
국선생,6
어장,6
시판용장국,7
새싹채소,3
발효초,6
플레인요구르트,7
초콜릿,7
과일통조림,7
구운김,2
다진돼지고기,1
샐러드채소,3
메기,2
잉어,2
송어,2
돼지볼살,1
그라나빠다노,7
이태리고추,3
사라다나,3
로즈마리,6
흑미,5
아가용치즈,7
진밥,5
아기된장소스,6
올리브유,6
맛간장,6
칠리,6
땅콩,5
인삼,3
볶은흑임자,5
사과즙,4
시래기,3
절인배추,3
낙지다리,2
감동젓,2
슈레드치즈,7
무지개고추,3
버섯,3
돛나물,3
매실액,6
파뿌리,3
미니새송이버섯,3
노각,3
고구마잎,3
피자치즈,7
토마토소스,6
호박잎,3
둥근호박,3
모닝빵,5
슬라이스햄,1
어린잎채소,3
라임,6
민트,6
탄산수,7
에멘탈치즈가루,7
얼음,7
아몬드,5
백오이,3
허브솔트,6
견과류,5
연어살,2
무채,3
부침가루,5
당근채,3
당근잎,3
건블루베리,4
김밥용김,3
콩비지,5